<?xml version="1.0" encoding="UTF-8"?>
<project-private xmlns="http://www.netbeans.org/ns/project-private/1">
    <editor-bookmarks xmlns="http://www.netbeans.org/ns/editor-bookmarks/2" lastBookmarkId="0"/>
    <open-files xmlns="http://www.netbeans.org/ns/projectui-open-files/2">
        <group>
            <file>file:/D:/4G%20Pemrograman%20Visual/JKoneksi/E-kasir/src/e/kasir/kasir.java</file>
            <file>file:/D:/4G%20Pemrograman%20Visual/JKoneksi/E-kasir/src/e/kasir/EKasir.java</file>
            <file>file:/D:/4G%20Pemrograman%20Visual/JKoneksi/E-kasir/src/e/kasir/Barang_Keluar.java</file>
            <file>file:/D:/4G%20Pemrograman%20Visual/JKoneksi/E-kasir/src/e/kasir/Barang_Masuk.java</file>
            <file>file:/D:/4G%20Pemrograman%20Visual/JKoneksi/E-kasir/src/e/kasir/staf_gudang.java</file>
            <file>file:/D:/4G%20Pemrograman%20Visual/JKoneksi/E-kasir/src/e/kasir/menu_login.java</file>
        </group>
    </open-files>
</project-private>
